insert into conversation.srv_converse.conversation (id, title, created_at, updated_at, creator_id) values
(2, 'Чат с Петром', '1985-01-16', '2001-02-01', 13),
(3, 'Чат с Кузьмой', '1986-02-17', '2001-02-02', 14),
(4, 'Чат с Иваном', '1987-03-18', '2003-03-03', 15),
(5, 'Чат с Маргаритой', '1988-04-19', '2004-03-04', 16),
(6, 'Чат с Емелей', '1989-05-20', '2005-04-05', 17),
(7, 'Чат с Федором', '1990-06-21', '2006-04-06', 18),
(8, 'Школьный чат', '1991-07-22', '2006-04-07', 19),
(9, 'Кроссфит по субботам', '1992-08-23', '2006-05-08', 20),
(10, 'Фанаты Зенита СПб', '1993-09-24', '2007-05-10', 21),
(12, 'Чат с Влади', '1994-02-25', '2007-07-11', 22),
(15, 'Выезды в Финляндию', '1995-11-26', '2007-07-12', 23),
(18, 'Чат с Фомой', '1996-11-27', '2008-08-13', 24),
(20, 'Одноклассники(не спившиеся еще)', '1997-11-28', '2009-10-14', 25),
(26, 'Прогулки по Санкт-Петербургу', '1998-11-29', '2009-10-15', 26);

insert into conversation.srv_converse.participant (id, user_id, role_id, created_at, updated_at, conversation_id) values
(1, 20, 140, '1991-01-01', '1992-02-01', 5),
(3, 20, 140, '1992-02-02', '1993-03-02', 5),
(4, 20, 140, '1993-03-03', '1994-04-03', 5),
(5, 20, 140, '1994-04-04', '1995-05-04', 5),
(6, 20, 140, '1995-05-05', '1996-06-05', 7),
(7, 20, 140, '1996-06-06', '1997-07-06', 7),
(8, 20, 140, '1997-07-07', '1998-08-07', 7),
(9, 20, 140, '1998-08-08', '1999-09-08', 9),
(11, 20, 140, '1999-09-09', '2000-10-09', 9),
(12, 20, 140, '2000-10-10', '2001-01-10', 9),
(13, 20, 140, '2001-01-11', '2002-02-11', 9),
(14, 20, 140, '2002-02-12', '2003-03-12', 9),
(15, 20, 140, '2003-03-13', '2004-04-13', 9),
(16, 20, 140, '2004-04-14', '2005-05-14', 10),
(17, 20, 140, '2005-05-15', '2006-06-15', 10),
(18, 20, 140, '2006-06-16', '2007-07-16', 10),
(19, 20, 140, '2007-07-17', '2008-08-17', 10),
(20, 20, 140, '2008-08-18', '2009-09-18', 10);

insert into conversation.srv_converse.report (id, note, report_type, user_id,  created_at, updated_at, participant_id) values
(1, 'Note1', 'ReportType1', 90, '2000-01-10', '2000-02-10', 5),
(2, 'Note2', 'ReportType2', 91, '2001-02-11', '2001-03-11', 5),
(3, 'Note3', 'ReportType3', 92, '2002-03-12', '2002-04-12', 5),
(4, 'Note4', 'ReportType4', 93, '2003-04-13', '2003-05-13', 5),
(5, 'Note5', 'ReportType5', 94, '2004-05-14', '2004-06-14', 6),
(6, 'Note6', 'ReportType6', 95, '2005-06-15', '2005-07-15', 6),
(7, 'Note7', 'ReportType7', 96, '2006-07-16', '2006-08-16', 6),
(8, 'Note8', 'ReportType8', 97, '2007-08-17', '2007-09-17', 6),
(9, 'Note9', 'ReportType9', 98, '2008-09-18', '2008-10-18', 6),
(10, 'Note10', 'ReportType10', 99, '2009-01-11', '2009-02-11', 8),
(11, 'Note11', 'ReportType11', 100, '2010-02-12', '2010-03-12', 8),
(12, 'Note12', 'ReportType12', 101, '2011-03-13', '2011-04-13', 8),
(13, 'Note13', 'ReportType13', 102, '2012-04-14', '2012-05-14', 8),
(14, 'Note14', 'ReportType14', 103, '2013-05-15', '2013-06-15', 8),
(15, 'Note15', 'ReportType15', 104, '2014-06-16', '2014-07-16', 8),
(16, 'Note16', 'ReportType16', 105, '2015-07-17', '2015-08-17', 8),
(17, 'Note17', 'ReportType17', 106, '2016-08-18', '2016-09-18', 8),
(18, 'Note18', 'ReportType18', 107, '2017-09-19', '2017-10-19', 12),
(19, 'Note19', 'ReportType19', 108, '2018-10-20', '2018-11-20', 12),
(20, 'Note20', 'ReportType20', 109, '2019-11-16', '2019-12-16', 12),
(21, 'Note21', 'ReportType21', 110, '1950-01-17', '1950-02-17', 12),
(22, 'Note22', 'ReportType22', 111, '1951-02-18', '1951-03-18', 12),
(23, 'Note23', 'ReportType23', 112, '1952-03-19', '1952-04-19', 12),
(24, 'Note24', 'ReportType24', 113, '1953-04-20', '1953-05-20', 12),
(25, 'Note25', 'ReportType25', 114, '1954-05-21', '1954-06-21', 12);
